clientname,id
Odds And Ends,0
Handy Help,1
Knick Knacks,2
Nick’S Knacks,3
Here And There And Everywhere,4
Etc.,5
Et Cetera Systems,6
Et Cetera,7
Et Cetera Solutions,8
Tbd,9
Closet Of Choices,10
Random Reasoning,11
Random Assortment,12
Assorted Assets,13
Trusted Assortment,14
Sporadic Systems,15
Applicable Assortment,16
Full Force,17
Random Row,18
Trinkets And Toys,19
Random Reason,20
Random Riders,21
Random Resource,22
Resource Refresh,23
Random Refresh,24
Random Repair,25
Random Report,26
Wanted Warehouse,27
The Source,28
Complete Collection,29
Pearlhut,30
Sufficient Support,31
Random Warehouse,32
Random Release,33
Complete Competition,34
Forge Ahead,35
Dream Collection,36
Oysterbar,37
Make It Count 2,38
Count Your Blessings,39
Creative Content,40
Content Construct,41
Clever Counts,42
Counted Moments,43
Make It Count,44
Random Wishes,45
Wishful Wants,46
Contribution Collection,47
Rock And Random,48
Race To Random,49
Angel Electronics,50
Saturn Security,51
Sharkfin Networks,52
Primal Foods,53
Knick Knack Patty Wack,54
Terrific Tchotchkes,55
Chief Electronics,56
Pixelimited,57
Fairy Media,58
Smart Lighting,59
Tigressystems,60
Sunshinetworks,61
Flukords,62
Hookurity,63
Driftair,64
Crowways,65
Rosegate,66
Ceasar Softwares,67
Cliff Productions,68
Tigertainment,69
Fortunetworks,70
Icebergarts,71
Purple fruit,72
Hero king,73
Ghost scape,74
Drift dream,75
Surprise Productions,76
Ask,77
Hammer Microsystems,78
Hurricanetworks,79
Phantasmedia,80
Pinnaclelectrics,81
Lemonetworks,82
Globeshade,83
Solsticetems,84
Silverecords,85
Odinetworks,86
