id,emailaddress
43,chad.lewis@sgdigital.com
1876,adam.sutton@sgdigital.com
2192,sue.jensen@sgdigital.com
1796,cecil.davis@sgdigital.com
52,jim.flowers@sgdigital.com
110,bennie.woods@sgdigital.com
276,luther.klein@sgdigital.com
407,nathan.paul@sgdigital.com
751,ken.munoz@sgdigital.com
852,marlon.riley@sgdigital.com
735,myron.mccoy@sgdigital.com
1367,yvonne.gutierrez@sgdigital.com
1405,darrin.warren@sgdigital.com
1381,leo.barker@sgdigital.com
1563,larry.hansen@sgdigital.com
1953,mae.lambert@sgdigital.com
2334,rochelle.bradley@sgdigital.com
2525,grace.castillo@sgdigital.com
2537,malcolm.baker@sgdigital.com
2538,hilda.cohen@sgdigital.com
2613,lillian.collins@sgdigital.com
2639,marcia.lynch@sgdigital.com
2778,stephen.rogers@sgdigital.com
3113,troy.lynch@sgdigital.com
3344,esther.obrien@sgdigital.com
2366,pete.rowe@sgdigital.com
3419,dale.phillips@sgdigital.com
3469,guy.rodriquez@sgdigital.com
3544,byron.myers@sgdigital.com
3557,raymond.byrd@sgdigital.com
3630,thelma.henry@sgdigital.com
3631,katherine.thornton@sgdigital.com
3660,otis.barker@sgdigital.com
2451,valerie.craig@sgdigital.com
2475,doris.weaver@sgdigital.com
3757,rose.briggs@sgdigital.com
3770,robin.ray@sgdigital.com
2577,rosalie.dean@sgdigital.com
2651,courtney.watts@sgdigital.com
2820,june.thompson@sgdigital.com
2894,melba.saunders@sgdigital.com
3392,mona.poole@sgdigital.com
3448,inez.casey@sgdigital.com
3607,yvette.reid@sgdigital.com
3633,mable.horton@sgdigital.com
3641,terrance.collier@sgdigital.com
3662,lynn.hernandez@sgdigital.com
3758,esta.lewicki@sgdigital.com
3788,avinia.shugart@sgdigital.com
59,rene.frank@sgdigital.com
180,adrienne.smith@sgdigital.com
1023,moses.walton@sgdigital.com
1158,paulette.graham@sgdigital.com
2217,marianne.jackson@sgdigital.com
3378,marion.gross@sgdigital.com
2321,jason.harrington@sgdigital.com
2690,philip.chambers@sgdigital.com
2717,maria.crawford@sgdigital.com
3384,joey.spencer@sgdigital.com
3394,jaime.page@sgdigital.com
3689,curtis.franklin@sgdigital.com
65,guadalupe.knight@sgdigital.com
209,israel.oliver@sgdigital.com
289,gene.thompson@sgdigital.com
301,patrick.clark@sgdigital.com
331,willis.hayes@sgdigital.com
608,shannon.zimmerman@sgdigital.com
1025,melody.may@sgdigital.com
1233,craig.ward@sgdigital.com
1639,andres.bennett@sgdigital.com
1891,ann.hill@sgdigital.com
1547,barbara.sanchez@sgdigital.com
1622,erika.fox@sgdigital.com
2236,kayla.schneider@sgdigital.com
2302,jana.hogan@sgdigital.com
1806,lindsey.pena@sgdigital.com
1926,sammy.sharp@sgdigital.com
2476,maurice.griffith@sgdigital.com
2493,floyd.black@sgdigital.com
2637,jon.mccarthy@sgdigital.com
2707,juan.pena@sgdigital.com
2195,marion.stokes@sgdigital.com
3791,onnie.tack@sgdigital.com
75,erik.underwood@sgdigital.com
1024,sarah.tyler@sgdigital.com
86,ruby.torres@sgdigital.com
339,jacqueline.cook@sgdigital.com
344,jo.tucker@sgdigital.com
55,karl.holt@sgdigital.com
68,peggy.cross@sgdigital.com
447,david.tyler@sgdigital.com
626,janice.mclaughlin@sgdigital.com
801,joanna.banks@sgdigital.com
818,frankie.sandoval@sgdigital.com
905,sean.holloway@sgdigital.com
574,michele.arnold@sgdigital.com
706,henrietta.edwards@sgdigital.com
743,blanca.daniels@sgdigital.com
860,loretta.ford@sgdigital.com
1335,jennie.burton@sgdigital.com
1094,walter.russell@sgdigital.com
1269,angela.arnold@sgdigital.com
1368,traci.tran@sgdigital.com
1371,darrell.rowe@sgdigital.com
1437,carole.matthews@sgdigital.com
1458,victor.oliver@sgdigital.com
1537,dewey.potter@sgdigital.com
1596,patrick.dunn@sgdigital.com
1634,doris.kim@sgdigital.com
1780,salvatore.bridges@sgdigital.com
1801,dean.ruiz@sgdigital.com
1857,tomas.craig@sgdigital.com
1871,carolyn.tyler@sgdigital.com
1875,jamie.tate@sgdigital.com
1894,jo.lucas@sgdigital.com
1938,tami.jones@sgdigital.com
1684,brian.hudson@sgdigital.com
2244,timothy.mcbride@sgdigital.com
2275,oscar.fuller@sgdigital.com
1845,kristin.thomas@sgdigital.com
1848,clinton.guerrero@sgdigital.com
1905,robin.hamilton@sgdigital.com
2428,carla.ramirez@sgdigital.com
2702,wm.phillips@sgdigital.com
2749,gustavo.jackson@sgdigital.com
2763,muriel.stephens@sgdigital.com
2766,horace.hudson@sgdigital.com
3004,allan.reid@sgdigital.com
3130,lindsay.pope@sgdigital.com
2261,faith.padilla@sgdigital.com
2274,james.figueroa@sgdigital.com
2293,marshall.todd@sgdigital.com
3629,kayla.porter@sgdigital.com
2405,alison.perez@sgdigital.com
2494,jeffery.malone@sgdigital.com
3792,duane.rivera@sgdigital.com
3795,rooke.mean@sgdigital.com
3805,ulee.giles@sgdigital.com
3810,isele.whitehill@sgdigital.com
2652,derek.harris@sgdigital.com
2723,ora.lindsey@sgdigital.com
2827,gwendolyn.clarke@sgdigital.com
3657,marcus.cole@sgdigital.com
3793,april.reeves@sgdigital.com
3794,oelle.schartz@sgdigital.com
3798,lora.bowen@sgdigital.com
3799,oelle.redus@sgdigital.com
3806,asandra.bloodworth@sgdigital.com
3815,cottie.duhe@sgdigital.com
3825,shelia.norman@sgdigital.com
87,eula.miles@sgdigital.com
494,valerie.lamb@sgdigital.com
526,stephanie.sullivan@sgdigital.com
360,joy.johnston@sgdigital.com
1020,susie.cortez@sgdigital.com
615,camille.pearson@sgdigital.com
2731,andy.zimmerman@sgdigital.com
2746,lela.stokes@sgdigital.com
2794,priscilla.holmes@sgdigital.com
88,lyle.fuller@sgdigital.com
6,barry.garcia@sgdigital.com
1067,timmy.quinn@sgdigital.com
1105,doug.nunez@sgdigital.com
2614,jana.bailey@sgdigital.com
2616,gina.peterson@sgdigital.com
2705,orlando.hubbard@sgdigital.com
2775,drew.edwards@sgdigital.com
2822,daniel.lamb@sgdigital.com
2285,clinton.howell@sgdigital.com
3408,stewart.carlson@sgdigital.com
3449,barbara.guerrero@sgdigital.com
3463,jimmie.garner@sgdigital.com
2582,erica.todd@sgdigital.com
2670,percy.scott@sgdigital.com
2715,louis.young@sgdigital.com
2795,abraham.daniels@sgdigital.com
2964,stephen.nash@sgdigital.com
3702,ronald.norman@sgdigital.com
93,kate.foster@sgdigital.com
256,doug.howard@sgdigital.com
259,johnny.gonzalez@sgdigital.com
35,alex.jenkins@sgdigital.com
36,wendy.caldwell@sgdigital.com
376,tom.singleton@sgdigital.com
377,seth.holloway@sgdigital.com
798,raquel.green@sgdigital.com
889,curtis.hicks@sgdigital.com
984,clyde.rose@sgdigital.com
1026,celia.rivera@sgdigital.com
1035,adrian.reynolds@sgdigital.com
1054,rhonda.sullivan@sgdigital.com
1132,alejandro.cook@sgdigital.com
1144,harriet.hubbard@sgdigital.com
854,bert.norton@sgdigital.com
951,seth.evans@sgdigital.com
1432,raul.french@sgdigital.com
1070,al.poole@sgdigital.com
1076,lillian.reyes@sgdigital.com
1086,shawna.anderson@sgdigital.com
1127,dexter.higgins@sgdigital.com
1143,candice.holand@sgdigital.com
1251,jonathan.stevenson@sgdigital.com
1257,donnie.shaw@sgdigital.com
1365,nicholas.carson@sgdigital.com
1417,megan.haynes@sgdigital.com
1447,elsie.briggs@sgdigital.com
1676,jamie.norris@sgdigital.com
1692,rudy.curtis@sgdigital.com
1702,candice.holland@sgdigital.com
1739,beth.barnes@sgdigital.com
1757,natasha.tyler@sgdigital.com
1758,shawn.may@sgdigital.com
1764,ira.gonzalez@sgdigital.com
1766,darrel.bates@sgdigital.com
1797,gladys.graves@sgdigital.com
1808,bob.mcbride@sgdigital.com
1559,clara.vargas@sgdigital.com
1575,conrad.cunningham@sgdigital.com
1672,candice.gordon@sgdigital.com
1675,kristy.torres@sgdigital.com
1726,dennis.luna@sgdigital.com
1737,sherman.griffin@sgdigital.com
1741,phyllis.adams@sgdigital.com
2239,rhonda.chambers@sgdigital.com
2256,marcella.patrick@sgdigital.com
2290,andrea.herrera@sgdigital.com
2295,john.woods@sgdigital.com
1746,ramona.bush@sgdigital.com
1775,sandra.ellis@sgdigital.com
1813,yvette.wilson@sgdigital.com
1833,lynne.luna@sgdigital.com
2329,sophia.evans@sgdigital.com
2388,edgar.manning@sgdigital.com
2483,gwen.reyes@sgdigital.com
2673,benjamin.johnson@sgdigital.com
2685,pete.murphy@sgdigital.com
2697,roxanne.wolfe@sgdigital.com
2748,naomi.anderson@sgdigital.com
2761,rochelle.francis@sgdigital.com
2768,shelley.mcdaniel@sgdigital.com
2774,zachary.hardy@sgdigital.com
2811,tommie.love@sgdigital.com
2830,lionel.day@sgdigital.com
2859,francis.stevens@sgdigital.com
2981,steven.washington@sgdigital.com
2998,vickie.day@sgdigital.com
3114,tabitha.barton@sgdigital.com
3119,miriam.schwartz@sgdigital.com
2219,zachary.moran@sgdigital.com
2230,rebecca.harrington@sgdigital.com
2259,hugh.taylor@sgdigital.com
3624,dustin.schultz@sgdigital.com
2393,jackie.wade@sgdigital.com
2433,yvette.hernandez@sgdigital.com
3804,shelley.saunders@sgdigital.com
3822,terrence.mcdonald@sgdigital.com
2550,lorena.robinson@sgdigital.com
2710,laura.patrick@sgdigital.com
2742,lynda.paul@sgdigital.com
2754,renee.hamilton@sgdigital.com
2780,jennie.mills@sgdigital.com
2806,renee.mitchell@sgdigital.com
2824,nina.gordon@sgdigital.com
2958,darin.frank@sgdigital.com
3708,hannah.lowe@sgdigital.com
3752,oliver.nguyen@sgdigital.com
3773,tracy.schmidt@sgdigital.com
3802,icky.funderburk@sgdigital.com
114,ivan.daviss@sgdigital.com
120,melvin.conner@sgdigital.com
162,penny.ward@sgdigital.com
193,dixie.hoffman@sgdigital.com
232,philip.pope@sgdigital.com
323,homer.morton@sgdigital.com
395,bethany.moran@sgdigital.com
418,elisa.ingram@sgdigital.com
419,tanya.mullins@sgdigital.com
63,regina.jacobs@sgdigital.com
189,anne.bush@sgdigital.com
214,malcolm.stevens@sgdigital.com
333,franklin.carr@sgdigital.com
400,russell.harvey@sgdigital.com
415,tiffany.todd@sgdigital.com
493,isabel.griffith@sgdigital.com
677,robynn.brock@sgdigital.com
712,lisa.baldwin@sgdigital.com
748,bobbie.hughes@sgdigital.com
786,alice.poole@sgdigital.com
822,emily.bryan@sgdigital.com
858,nadine.bradley@sgdigital.com
983,sam.french@sgdigital.com
988,lora.marsh@sgdigital.com
1095,alonzo.horton@sgdigital.com
1147,karl.nash@sgdigital.com
577,winston.fields@sgdigital.com
713,bryan.moran@sgdigital.com
725,roberto.carter@sgdigital.com
730,charlene.sims@sgdigital.com
773,brendan.roy@sgdigital.com
779,della.gilbert@sgdigital.com
789,hattie.vasquez@sgdigital.com
824,dominic.jenkins@sgdigital.com
826,anna.holmes@sgdigital.com
885,elmer.palmer@sgdigital.com
890,elena.dennis@sgdigital.com
945,sidney.guzman@sgdigital.com
952,ismael.stone@sgdigital.com
965,margarita.bates@sgdigital.com
1001,tamara.mathis@sgdigital.com
1177,rudy.lamb@sgdigital.com
1198,yvette.underwood@sgdigital.com
1210,rufus.owen@sgdigital.com
1211,ruth.page@sgdigital.com
1212,cecil.blake@sgdigital.com
1283,nicole.lindsey@sgdigital.com
1340,bryant.coleman@sgdigital.com
1370,kerry.black@sgdigital.com
1418,david.mcguire@sgdigital.com
1510,marlene.hall@sgdigital.com
1514,hubert.murphy@sgdigital.com
1522,salvador.logan@sgdigital.com
1528,josefina.greer@sgdigital.com
1030,kyle.boyd@sgdigital.com
1090,jared.welch@sgdigital.com
1140,alexis.mason@sgdigital.com
1221,emilio.hopkins@sgdigital.com
1231,darla.joseph@sgdigital.com
1232,jeanne.foster@sgdigital.com
1285,jon.clayton@sgdigital.com
1342,joshua.swanson@sgdigital.com
1372,belinda.gomez@sgdigital.com
1373,danny.soto@sgdigital.com
1452,cecilia.walsh@sgdigital.com
1463,clyde.curtis@sgdigital.com
1516,brandon.gonzales@sgdigital.com
1518,delia.morgan@sgdigital.com
1523,jeffrey.mcgee@sgdigital.com
1533,carlton.garrett@sgdigital.com
1543,laura.fox@sgdigital.com
1582,winston.franklin@sgdigital.com
1590,wilbert.kennedy@sgdigital.com
1662,verna.osborne@sgdigital.com
1671,marcos.knight@sgdigital.com
1761,gordon.walsh@sgdigital.com
1851,paulette.barker@sgdigital.com
1877,myrtle.richards@sgdigital.com
1897,lorene.underwood@sgdigital.com
1899,jonathan.manning@sgdigital.com
1924,sheryl.parks@sgdigital.com
1927,joyce.parker@sgdigital.com
1542,ruben.curry@sgdigital.com
1601,blanche.webb@sgdigital.com
1615,gustavo.lopez@sgdigital.com
1632,elbert.massey@sgdigital.com
1641,claudia.mitchell@sgdigital.com
1682,irma.clarke@sgdigital.com
1699,glen.carlson@sgdigital.com
1704,felicia.newman@sgdigital.com
1725,roberta.curtis@sgdigital.com
2199,robin.wade@sgdigital.com
2206,kathleen.wilkerson@sgdigital.com
2267,sophia.powers@sgdigital.com
2271,eunice.king@sgdigital.com
1779,zachary.dunn@sgdigital.com
1870,geoffrey.ortiz@sgdigital.com
1887,jeffrey.stewart@sgdigital.com
1935,brandi.watts@sgdigital.com
2325,brandon.vargas@sgdigital.com
2362,eddie.gordon@sgdigital.com
2372,luther.butler@sgdigital.com
2392,rick.weber@sgdigital.com
2395,pablo.bush@sgdigital.com
2403,kyle.cook@sgdigital.com
2407,debra.klein@sgdigital.com
2420,wilfred.mills@sgdigital.com
2423,vivian.walters@sgdigital.com
2431,barbara.gonzales@sgdigital.com
2444,myra.pierce@sgdigital.com
2452,latoya.garner@sgdigital.com
2453,fernando.sparks@sgdigital.com
2459,mercedes.reed@sgdigital.com
2472,christy.chandler@sgdigital.com
2495,ruth.shaw@sgdigital.com
2504,alfred.bennett@sgdigital.com
2506,janice.brock@sgdigital.com
2551,david.mcdaniel@sgdigital.com
2573,brent.perry@sgdigital.com
2581,tyrone.burton@sgdigital.com
2598,luz.pena@sgdigital.com
2608,carlton.norman@sgdigital.com
2634,larry.obrien@sgdigital.com
2643,mary.tate@sgdigital.com
2675,john.allison@sgdigital.com
2724,randolph.tran@sgdigital.com
2736,dianne.mclaughlin@sgdigital.com
2738,allison.potter@sgdigital.com
2747,anthony.alexander@sgdigital.com
2755,sheryl.bowers@sgdigital.com
2762,roberto.king@sgdigital.com
2765,carlos.matthews@sgdigital.com
2767,sheldon.collins@sgdigital.com
2801,rickey.patterson@sgdigital.com
2804,alice.howell@sgdigital.com
2805,jake.ball@sgdigital.com
2808,grace.webster@sgdigital.com
2874,dolores.klein@sgdigital.com
2983,rosemary.colon@sgdigital.com
3001,chester.ross@sgdigital.com
3355,eva.henderson@sgdigital.com
3358,rosemarie.figueroa@sgdigital.com
3359,casey.sharp@sgdigital.com
3361,roxanne.mcgee@sgdigital.com
3362,nelson.green@sgdigital.com
3364,roberta.cummings@sgdigital.com
3367,gwen.curry@sgdigital.com
3368,opal.watson@sgdigital.com
2249,blake.daniel@sgdigital.com
2297,patti.duncan@sgdigital.com
2316,raymond.cruz@sgdigital.com
2318,arturo.gill@sgdigital.com
2327,jenny.lane@sgdigital.com
2328,jean.riley@sgdigital.com
2345,jane.stokes@sgdigital.com
2367,moses.massey@sgdigital.com
2371,chris.lee@sgdigital.com
3411,todd.cain@sgdigital.com
3413,june.mitchell@sgdigital.com
3417,elisa.greer@sgdigital.com
3424,jill.russell@sgdigital.com
3461,christina.berry@sgdigital.com
3466,edith.waters@sgdigital.com
3470,harry.quinn@sgdigital.com
3574,gerardo.floyd@sgdigital.com
3584,deanna.roy@sgdigital.com
3588,mildred.caldwell@sgdigital.com
3606,christie.allen@sgdigital.com
3632,jasmine.riley@sgdigital.com
3639,melissa.murphy@sgdigital.com
2375,guadalupe.dean@sgdigital.com
2402,hannah.carson@sgdigital.com
2411,horace.becker@sgdigital.com
2421,josefina.mendez@sgdigital.com
2436,gordon.elliott@sgdigital.com
2448,lila.fleming@sgdigital.com
2454,clifford.townsend@sgdigital.com
2456,beulah.alvarado@sgdigital.com
2458,cindy.gordon@sgdigital.com
2462,francis.patton@sgdigital.com
2463,whitney.romero@sgdigital.com
2496,bertha.benson@sgdigital.com
2505,randal.weaver@sgdigital.com
2507,don.ramos@sgdigital.com
2522,tami.roberson@sgdigital.com
2541,tony.hoffman@sgdigital.com
2543,calvin.ward@sgdigital.com
3753,aphine.heist@sgdigital.com
3772,angelica.dennis@sgdigital.com
2547,amelia.stanley@sgdigital.com
2548,estelle.hughes@sgdigital.com
2566,raquel.little@sgdigital.com
2576,kirk.dixon@sgdigital.com
2580,ada.walsh@sgdigital.com
2597,irma.fox@sgdigital.com
2600,lynn.henry@sgdigital.com
2610,julia.graham@sgdigital.com
2642,nathaniel.wells@sgdigital.com
2648,genevieve.walker@sgdigital.com
2654,cindy.price@sgdigital.com
2706,lee.mccormick@sgdigital.com
2709,harold.smith@sgdigital.com
2713,preston.figueroa@sgdigital.com
2744,frank.gordon@sgdigital.com
2745,marco.castro@sgdigital.com
2753,holly.lowe@sgdigital.com
2758,javier.watson@sgdigital.com
2771,rufus.sims@sgdigital.com
2798,rolando.tucker@sgdigital.com
2802,pat.torres@sgdigital.com
2807,dana.turner@sgdigital.com
2809,mona.carson@sgdigital.com
2821,christine.hardy@sgdigital.com
2828,mindy.brewer@sgdigital.com
2985,fannie.duncan@sgdigital.com
3124,ruth.bryan@sgdigital.com
3129,melvin.leonard@sgdigital.com
3131,mona.fitzgerald@sgdigital.com
3132,julie.gray@sgdigital.com
3136,gwen.flowers@sgdigital.com
3354,denise.collins@sgdigital.com
3356,kelly.rodgers@sgdigital.com
3357,jane.lloyd@sgdigital.com
3360,bernice.wheeler@sgdigital.com
3363,ross.schneider@sgdigital.com
3369,blake.huff@sgdigital.com
3391,renee.alvarez@sgdigital.com
3427,jamie.adam@sgdigital.com
3429,bernice.mcguire@sgdigital.com
3440,alexandra.black@sgdigital.com
3446,alonzo.kennedy@sgdigital.com
3563,patsy.white@sgdigital.com
3570,delores.wagner@sgdigital.com
3685,emma.guerrero@sgdigital.com
3687,antonia.flores@sgdigital.com
3723,sean.bryan@sgdigital.com
3728,sherri.mitchell@sgdigital.com
3759,reston.schrack@sgdigital.com
144,sergio.wallace@sgdigital.com
228,ellis.pearson@sgdigital.com
231,candice.adkins@sgdigital.com
405,marlon.silva@sgdigital.com
999,roy.welch@sgdigital.com
522,horace.jefferson@sgdigital.com
653,joel.white@sgdigital.com
674,gary.mendoza@sgdigital.com
1499,vicki.romero@sgdigital.com
1946,desiree.mccormick@sgdigital.com
1616,adrienne.boyd@sgdigital.com
1664,lorene.lindsey@sgdigital.com
1904,lewis.lyons@sgdigital.com
1937,micheal.tran@sgdigital.com
2528,sheldon.gutierrez@sgdigital.com
2606,jason.vasquez@sgdigital.com
2756,kristopher.parker@sgdigital.com
2799,ellen.andrews@sgdigital.com
2826,mercedes.lewis@sgdigital.com
2837,suzanne.andrews@sgdigital.com
2838,lorene.sandoval@sgdigital.com
2843,jordan.reeves@sgdigital.com
2844,gertrude.jennings@sgdigital.com
2845,sam.day@sgdigital.com
2850,myrtle.valdez@sgdigital.com
2851,claire.banks@sgdigital.com
2855,becky.ryan@sgdigital.com
2858,delores.reese@sgdigital.com
2864,faye.goodman@sgdigital.com
2868,gloria.jensen@sgdigital.com
2869,jaime.jimenez@sgdigital.com
2870,richard.miles@sgdigital.com
2871,tom.strickland@sgdigital.com
2961,jaime.allison@sgdigital.com
2968,kristina.griffith@sgdigital.com
2970,yvonne.spencer@sgdigital.com
2978,carrie.rowe@sgdigital.com
2986,alma.park@sgdigital.com
2988,lorenzo.dawson@sgdigital.com
2990,steven.copeland@sgdigital.com
2991,judith.dixon@sgdigital.com
2994,kelli.walsh@sgdigital.com
2995,johnathan.holmes@sgdigital.com
2997,kara.stokes@sgdigital.com
3110,nick.mclaughlin@sgdigital.com
3345,ivan.davis@sgdigital.com
3407,donnie.mcgee@sgdigital.com
3722,tamara.bowers@sgdigital.com
2470,orville.simon@sgdigital.com
3774,laura.wood@sgdigital.com
2836,lana.haynes@sgdigital.com
2846,alicia.stephens@sgdigital.com
2847,marianne.schneider@sgdigital.com
2856,sara.bowen@sgdigital.com
2857,cassandra.morrison@sgdigital.com
2873,nancy.chavez@sgdigital.com
2877,ted.lyons@sgdigital.com
2962,rosa.fisher@sgdigital.com
2979,nina.williamson@sgdigital.com
2996,jake.fitzgerald@sgdigital.com
3000,ruben.nichols@sgdigital.com
3105,terri.schneider@sgdigital.com
3106,evelyn.beck@sgdigital.com
3107,sandra.french@sgdigital.com
3109,leonard.wong@sgdigital.com
3128,nick.howard@sgdigital.com
3134,lawrence.freeman@sgdigital.com
3406,dominick.stokes@sgdigital.com
3444,louise.baker@sgdigital.com
3779,doris.bates@sgdigital.com
19,tabitha.chambers@sgdigital.com
83,sabrina.rodgers@sgdigital.com
109,faith.stanley@sgdigital.com
593,molly.erickson@sgdigital.com
607,nick.greer@sgdigital.com
1276,jeremy.bowman@sgdigital.com
1375,lewis.higgins@sgdigital.com
1561,barry.zimmerman@sgdigital.com
1595,margie.hanson@sgdigital.com
2201,robin.hines@sgdigital.com
2251,austin.osborne@sgdigital.com
2265,clyde.stone@sgdigital.com
1791,tracy.higgins@sgdigital.com
2711,bill.ryan@sgdigital.com
2972,gayle.armstrong@sgdigital.com
2228,susie.owen@sgdigital.com
2320,shelia.barrett@sgdigital.com
3726,rene.lawson@sgdigital.com
3727,velina.money@sgdigital.com
3812,terry.alvarado@sgdigital.com
3813,herise.renard@sgdigital.com
2604,emanuel.barker@sgdigital.com
2650,nadine.blair@sgdigital.com
3556,arthur.munoz@sgdigital.com
3636,joanne.greer@sgdigital.com
3637,marsha.terry@sgdigital.com
3653,danny.baldwin@sgdigital.com
3731,ancie.caples@sgdigital.com
3749,lena.jardine@sgdigital.com
3767,ercedes.lazaro@sgdigital.com
3803,sonja.wolfe@sgdigital.com
3814,annelore.lucey@sgdigital.com
198,everett.nunez@sgdigital.com
258,noel.lopez@sgdigital.com
295,brett.weber@sgdigital.com
657,lola.robbins@sgdigital.com
1151,blanca.sutton@sgdigital.com
1295,karen.mccoy@sgdigital.com
1722,omar.robbins@sgdigital.com
1825,leigh.stanley@sgdigital.com
1719,velma.dennis@sgdigital.com
2301,irving.jones@sgdigital.com
1838,leah.craig@sgdigital.com
2684,anita.jacobs@sgdigital.com
2772,kimberly.yates@sgdigital.com
2784,georgia.stevenson@sgdigital.com
2817,dorothy.kelley@sgdigital.com
2839,kevin.ingram@sgdigital.com
3445,jordan.morris@sgdigital.com
3593,laurie.carr@sgdigital.com
2716,miguel.cortez@sgdigital.com
2797,craig.rodgers@sgdigital.com
3003,daryl.knight@sgdigital.com
3375,kristin.ramsey@sgdigital.com
3435,iris.jenkins@sgdigital.com
3436,curtis.mack@sgdigital.com
202,veronica.warren@sgdigital.com
319,todd.howell@sgdigital.com
1544,meredith.morgan@sgdigital.com
2782,martha.fernandez@sgdigital.com
3734,elle.nowland@sgdigital.com
206,kara.may@sgdigital.com
254,mildred.mckenzie@sgdigital.com
300,doyle.hernandez@sgdigital.com
340,roger.fox@sgdigital.com
27,beatrice.mcdaniel@sgdigital.com
368,roosevelt.garrett@sgdigital.com
931,joseph.hopkins@sgdigital.com
994,joanne.pope@sgdigital.com
1092,jack.crawford@sgdigital.com
1300,george.henderson@sgdigital.com
1617,elmer.gilbert@sgdigital.com
1619,alexandra.andrews@sgdigital.com
1718,diane.salazar@sgdigital.com
2246,rafael.miller@sgdigital.com
1793,cora.hill@sgdigital.com
2445,roy.terry@sgdigital.com
2349,elsie.brady@sgdigital.com
2482,shawna.jackson@sgdigital.com
3790,myra.elliott@sgdigital.com
2649,sonja.martin@sgdigital.com
2689,amos.ruiz@sgdigital.com
3748,able.hathorn@sgdigital.com
222,gerard.wheeler@sgdigital.com
281,pamela.flores@sgdigital.com
322,natasha.yates@sgdigital.com
328,leslie.schneider@sgdigital.com
391,susan.ruiz@sgdigital.com
476,elsa.kim@sgdigital.com
529,julia.steele@sgdigital.com
152,glenda.george@sgdigital.com
896,isaac.tran@sgdigital.com
925,greg.moreno@sgdigital.com
1255,melody.bishop@sgdigital.com
1805,jeffery.bates@sgdigital.com
1939,geneva.mckenzie@sgdigital.com
1640,guadalupe.simmons@sgdigital.com
2204,angelina.shaw@sgdigital.com
2270,francis.grant@sgdigital.com
2289,rosemarie.harvey@sgdigital.com
1903,leland.chambers@sgdigital.com
2331,pablo.vasquez@sgdigital.com
2335,troy.moreno@sgdigital.com
2350,gwendolyn.craig@sgdigital.com
2396,geraldine.santiago@sgdigital.com
2532,katherine.walsh@sgdigital.com
2720,andrew.ballard@sgdigital.com
2960,abel.hale@sgdigital.com
3127,cary.rodgers@sgdigital.com
2209,nancy.moss@sgdigital.com
2323,dixie.conner@sgdigital.com
3414,clarence.sullivan@sgdigital.com
2465,lula.salazar@sgdigital.com
2813,megan.rodriguez@sgdigital.com
3133,roy.price@sgdigital.com
233,ann.horton@sgdigital.com
239,meghan.aguilar@sgdigital.com
168,jackie.santiago@sgdigital.com
1594,shari.rodriguez@sgdigital.com
247,bessie.schmidt@sgdigital.com
235,saul.walters@sgdigital.com
2508,mable.swanson@sgdigital.com
2781,shane.ward@sgdigital.com
2546,jeffrey.stephens@sgdigital.com
2973,irvin.douglas@sgdigital.com
3609,derrick.zimmerman@sgdigital.com
292,andres.nelson@sgdigital.com
829,carlton.reid@sgdigital.com
1120,cindy.lane@sgdigital.com
1869,glenn.mccoy@sgdigital.com
1947,malcolm.young@sgdigital.com
987,angelina.figueroa@sgdigital.com
1584,darlene.reid@sgdigital.com
3381,clara.moody@sgdigital.com
3409,josephine.stanley@sgdigital.com
3625,leonard.hubbard@sgdigital.com
2502,emanuel.roberson@sgdigital.com
3434,terrell.ruiz@sgdigital.com
428,alberta.estrada@sgdigital.com
105,kevin.osborne@sgdigital.com
1022,adrienne.jenkins@sgdigital.com
1579,kimberly.baldwin@sgdigital.com
1765,abel.mclaughlin@sgdigital.com
2225,angelo.johnson@sgdigital.com
2379,matt.robertson@sgdigital.com
3005,eileen.murphy@sgdigital.com
435,grace.blake@sgdigital.com
1697,jody.welch@sgdigital.com
2291,lonnie.wilkins@sgdigital.com
515,theresa.floyd@sgdigital.com
520,daniel.simmons@sgdigital.com
488,harold.armstrong@sgdigital.com
1302,cristina.burns@sgdigital.com
1431,travis.meyer@sgdigital.com
1301,ignacio.pope@sgdigital.com
1707,doyle.adams@sgdigital.com
1731,max.huff@sgdigital.com
1587,otis.carter@sgdigital.com
2699,russell.white@sgdigital.com
2358,tasha.caldwell@sgdigital.com
2359,blanca.gonzales@sgdigital.com
2437,andres.estrada@sgdigital.com
2657,martin.floyd@sgdigital.com
2660,cameron.gross@sgdigital.com
2681,meredith.santiago@sgdigital.com
3450,george.myers@sgdigital.com
3451,leonard.patrick@sgdigital.com
3600,robert.thomas@sgdigital.com
606,freda.cole@sgdigital.com
2292,sylvia.copeland@sgdigital.com
1832,wendell.pratt@sgdigital.com
3659,flora.reese@sgdigital.com
3390,jack.king@sgdigital.com
26,whitney.mclaughlin@sgdigital.com
3112,kathy.barnes@sgdigital.com
3125,dominick.strickland@sgdigital.com
71,angelina.casey@sgdigital.com
688,beverly.nelson@sgdigital.com
825,darlene.reese@sgdigital.com
863,willie.mcdonald@sgdigital.com
1021,rudolph.perkins@sgdigital.com
1193,ebony.simon@sgdigital.com
1258,wilma.norman@sgdigital.com
1472,tyrone.hodges@sgdigital.com
1475,thelma.cortez@sgdigital.com
1146,alberto.campbell@sgdigital.com
1448,holly.stephens@sgdigital.com
1670,don.simon@sgdigital.com
1862,glen.page@sgdigital.com
1593,john.sandoval@sgdigital.com
2268,hector.armstrong@sgdigital.com
2322,jimmie.watkins@sgdigital.com
2503,mattie.wolfe@sgdigital.com
2698,rhonda.arnold@sgdigital.com
2764,brandy.nguyen@sgdigital.com
2965,jack.simpson@sgdigital.com
3374,carolyn.hoffman@sgdigital.com
2277,eileen.reid@sgdigital.com
3661,antoinette.jennings@sgdigital.com
2568,leslie.stokes@sgdigital.com
2683,lora.cox@sgdigital.com
2750,laurie.fletcher@sgdigital.com
3652,conrad.cross@sgdigital.com
78,rudy.sharp@sgdigital.com
91,evan.huff@sgdigital.com
1795,gail.washington@sgdigital.com
2559,rachel.murphy@sgdigital.com
2956,sammy.taylor@sgdigital.com
2288,ken.williamson@sgdigital.com
3346,martha.price@sgdigital.com
3372,jeffrey.butler@sgdigital.com
3452,candace.maldonado@sgdigital.com
3577,lowell.myers@sgdigital.com
3765,cindy.ramsey@sgdigital.com
942,wilma.hansen@sgdigital.com
1573,ella.myers@sgdigital.com
2391,thelma.peterson@sgdigital.com
3737,heena.edmund@sgdigital.com
3821,leo.lloyd@sgdigital.com
3069,lana.goodwin@sgdigital.com
3511,brooke.wood@sgdigital.com
362,essie.norton@sgdigital.com
887,jeffrey.dawson@sgdigital.com
841,cesar.parsons@sgdigital.com
920,sharon.tucker@sgdigital.com
947,dwayne.phillips@sgdigital.com
1454,leslie.cohen@sgdigital.com
1517,jana.vargas@sgdigital.com
1614,willard.tyler@sgdigital.com
1643,karla.dennis@sgdigital.com
1914,amos.richardson@sgdigital.com
1930,rafael.alvarez@sgdigital.com
2342,marvin.holland@sgdigital.com
2413,alicia.graham@sgdigital.com
2481,jennifer.cannon@sgdigital.com
2676,vincent.holmes@sgdigital.com
2777,marta.phillips@sgdigital.com
2779,irving.hall@sgdigital.com
2205,judy.dunn@sgdigital.com
2324,nora.gross@sgdigital.com
3420,zachary.anderson@sgdigital.com
3610,bobbie.larson@sgdigital.com
2410,dwayne.parker@sgdigital.com
2469,jorge.rose@sgdigital.com
197,kenny.hines@sgdigital.com
2208,marian.zimmerman@sgdigital.com
1929,cary.brewer@sgdigital.com
2319,cecelia.waters@sgdigital.com
2314,tanya.fox@sgdigital.com
284,howard.guzman@sgdigital.com
692,gilbert.beck@sgdigital.com
918,jane.curtis@sgdigital.com
909,carrie.long@sgdigital.com
1182,maria.buchanan@sgdigital.com
1244,tammy.gordon@sgdigital.com
1345,jeannie.neal@sgdigital.com
1618,beatrice.grant@sgdigital.com
1694,cassandra.gonzalez@sgdigital.com
2737,calvin.greer@sgdigital.com
3807,don.holloway@sgdigital.com
2694,cathy.moreno@sgdigital.com
2773,antoinette.edwards@sgdigital.com
3811,virgil.austin@sgdigital.com
324,lynne.carter@sgdigital.com
555,julian.farmer@sgdigital.com
944,blake.gill@sgdigital.com
1620,patti.fitzgerald@sgdigital.com
1669,drew.schultz@sgdigital.com
1911,tim.todd@sgdigital.com
2687,joshua.carlson@sgdigital.com
3453,dixie.lee@sgdigital.com
408,sonja.pittman@sgdigital.com
907,lindsey.schwartz@sgdigital.com
1129,leslie.manning@sgdigital.com
1850,darla.carpenter@sgdigital.com
1859,mack.gregory@sgdigital.com
1919,horace.mitchell@sgdigital.com
2468,arlene.montgomery@sgdigital.com
2688,carole.caldwell@sgdigital.com
2311,nellie.stanley@sgdigital.com
2629,miguel.sanders@sgdigital.com
431,eric.massey@sgdigital.com
2283,warren.pratt@sgdigital.com
2378,pamela.stevenson@sgdigital.com
2786,penny.powell@sgdigital.com
444,christy.cobb@sgdigital.com
1006,frankie.brewer@sgdigital.com
1512,melanie.gregory@sgdigital.com
1921,lindsay.watts@sgdigital.com
1602,loren.welch@sgdigital.com
2263,dan.hale@sgdigital.com
2278,dawn.roy@sgdigital.com
2361,willis.fernandez@sgdigital.com
2369,jermaine.fields@sgdigital.com
2394,melody.cross@sgdigital.com
2430,armando.wise@sgdigital.com
2450,emilio.huff@sgdigital.com
2704,alan.peters@sgdigital.com
2272,ruth.patterson@sgdigital.com
2669,salvador.murphy@sgdigital.com
2677,melody.harrington@sgdigital.com
2793,kelly.malone@sgdigital.com
3370,myrtle.vargas@sgdigital.com
507,jody.dixon@sgdigital.com
1028,lorenzo.wilson@sgdigital.com
1031,malcolm.cummings@sgdigital.com
1532,jonathon.wright@sgdigital.com
2560,holly.silva@sgdigital.com
3705,caleb.doyle@sgdigital.com
676,courtney.bailey@sgdigital.com
804,troy.stevenson@sgdigital.com
1819,dallas.fuller@sgdigital.com
893,rickey.luna@sgdigital.com
1010,joshua.lindsey@sgdigital.com
1172,joyce.roy@sgdigital.com
1199,joey.becker@sgdigital.com
1441,greg.peterson@sgdigital.com
1606,marlene.robbins@sgdigital.com
1920,henry.miles@sgdigital.com
2307,edna.farmer@sgdigital.com
3103,jake.shelton@sgdigital.com
2344,gordon.frazier@sgdigital.com
2667,tina.summers@sgdigital.com
3421,merle.hawkins@sgdigital.com
3471,jody.santos@sgdigital.com
866,debbie.newton@sgdigital.com
1273,lisa.moore@sgdigital.com
2816,alan.kennedy@sgdigital.com
2974,garry.barrett@sgdigital.com
868,leonard.price@sgdigital.com
936,terrence.howell@sgdigital.com
1139,sheri.hart@sgdigital.com
1173,dana.barber@sgdigital.com
1291,nelson.cain@sgdigital.com
1569,jody.hubbard@sgdigital.com
1661,ernesto.pena@sgdigital.com
1701,claudia.allen@sgdigital.com
1847,wm.martinez@sgdigital.com
1884,leslie.kelly@sgdigital.com
1886,joanna.lawson@sgdigital.com
1540,jeremiah.thornton@sgdigital.com
1896,dennis.copeland@sgdigital.com
2497,christy.nelson@sgdigital.com
2605,jared.dean@sgdigital.com
2712,kerry.simpson@sgdigital.com
2714,willie.stevenson@sgdigital.com
2284,forrest.vargas@sgdigital.com
3704,jan.cohen@sgdigital.com
3789,sandy.rowe@sgdigital.com
2664,brandy.ferguson@sgdigital.com
2732,sandra.brock@sgdigital.com
3761,eda.tuller@sgdigital.com
948,kim.wise@sgdigital.com
982,diane.gross@sgdigital.com
1134,daryl.hill@sgdigital.com
1440,sidney.kelley@sgdigital.com
1114,rosie.webster@sgdigital.com
1420,tomas.patton@sgdigital.com
1492,angel.newman@sgdigital.com
1885,gretchen.shelton@sgdigital.com
1740,maryann.may@sgdigital.com
2567,kelly.tate@sgdigital.com
2238,harriet.pena@sgdigital.com
1063,jacqueline.pierce@sgdigital.com
1000,jackie.moody@sgdigital.com
1121,lawrence.garcia@sgdigital.com
613,valerie.larson@sgdigital.com
1860,beverly.jenkins@sgdigital.com
2266,geraldine.rivera@sgdigital.com
614,mark.goodwin@sgdigital.com
2215,arturo.moreno@sgdigital.com
2404,lee.parsons@sgdigital.com
2552,jamie.rhodes@sgdigital.com
711,mary.padilla@sgdigital.com
2260,micheal.gray@sgdigital.com
2296,maurice.thornton@sgdigital.com
1922,micheal.clayton@sgdigital.com
2309,kelly.james@sgdigital.com
2611,delores.freeman@sgdigital.com
2722,sue.saunders@sgdigital.com
2726,hazel.doyle@sgdigital.com
3377,genevieve.wilkerson@sgdigital.com
3385,derek.french@sgdigital.com
3703,leslie.sullivan@sgdigital.com
2527,bryan.gray@sgdigital.com
3785,jean.huff@sgdigital.com
3431,jeanette.hunter@sgdigital.com
787,sheila.rhodes@sgdigital.com
1226,bridget.parsons@sgdigital.com
3426,calvin.watson@sgdigital.com
1150,ashley.mitchell@sgdigital.com
1154,tanya.higgins@sgdigital.com
1482,jenny.newton@sgdigital.com
1714,rick.delgado@sgdigital.com
1709,vicki.sullivan@sgdigital.com
2280,boyd.campbell@sgdigital.com
1777,fredrick.walker@sgdigital.com
1826,marcia.warren@sgdigital.com
1829,alexander.santiago@sgdigital.com
2700,marshall.vargas@sgdigital.com
2701,alfonso.clayton@sgdigital.com
2800,maryann.goodman@sgdigital.com
2693,april.erickson@sgdigital.com
3380,loretta.gilbert@sgdigital.com
3382,randolph.allen@sgdigital.com
3383,margie.cummings@sgdigital.com
929,janis.underwood@sgdigital.com
1282,verna.parsons@sgdigital.com
1890,chester.mckinney@sgdigital.com
2227,travis.francis@sgdigital.com
2473,jesus.wagner@sgdigital.com
2491,ross.cole@sgdigital.com
2500,lee.lambert@sgdigital.com
2989,beth.scott@sgdigital.com
2234,kayla.ballard@sgdigital.com
3468,eula.powers@sgdigital.com
3627,allan.allison@sgdigital.com
3628,colleen.hudson@sgdigital.com
2474,stacey.allen@sgdigital.com
2992,preston.lopez@sgdigital.com
3572,wade.glover@sgdigital.com
3730,neil.murray@sgdigital.com
3762,marc.guerrero@sgdigital.com
3771,nathan.reese@sgdigital.com
1225,melba.adams@sgdigital.com
1578,mitchell.sharp@sgdigital.com
1865,virgil.bell@sgdigital.com
2412,stephen.obrien@sgdigital.com
2477,santos.buchanan@sgdigital.com
1774,willie.bell@sgdigital.com
1794,regina.mckinney@sgdigital.com
1723,silvia.evans@sgdigital.com
2303,lyle.mcdaniel@sgdigital.com
2304,jana.ford@sgdigital.com
2479,ronnie.burns@sgdigital.com
2480,kyle.gilbert@sgdigital.com
2530,candace.day@sgdigital.com
3115,scott.bailey@sgdigital.com
2308,joel.sparks@sgdigital.com
2549,marc.warner@sgdigital.com
2787,lee.cobb@sgdigital.com
2790,jermaine.russell@sgdigital.com
2686,walter.mitchell@sgdigital.com
3352,hector.curtis@sgdigital.com
3547,jessie.fowler@sgdigital.com
1309,justin.brooks@sgdigital.com
1310,gregg.barton@sgdigital.com
1316,santiago.wong@sgdigital.com
1863,dwayne.parsons@sgdigital.com
1319,barry.holt@sgdigital.com
1350,crystal.collier@sgdigital.com
1353,ervin.sparks@sgdigital.com
1351,sheri.sherman@sgdigital.com
1360,gustavo.mann@sgdigital.com
1329,erick.snyder@sgdigital.com
1331,roger.graham@sgdigital.com
1332,hattie.guzman@sgdigital.com
1356,ollie.barnett@sgdigital.com
1376,dawn.hogan@sgdigital.com
1424,tina.holloway@sgdigital.com
1390,steven.bates@sgdigital.com
1349,anna.morris@sgdigital.com
1387,wm.fowler@sgdigital.com
1389,arlene.buchanan@sgdigital.com
1392,johnny.bradley@sgdigital.com
1413,allan.ortega@sgdigital.com
1386,melissa.farmer@sgdigital.com
1397,josh.young@sgdigital.com
1399,marlon.hardy@sgdigital.com
1395,lindsey.wilkins@sgdigital.com
1398,johnnie.garrett@sgdigital.com
1400,tyler.salazar@sgdigital.com
1406,christopher.fisher@sgdigital.com
2644,alex.ramos@sgdigital.com
3347,loretta.singleton@sgdigital.com
3379,eric.parker@sgdigital.com
3617,melinda.underwood@sgdigital.com
3709,krista.brooks@sgdigital.com
3404,loren.andrews@sgdigital.com
3729,melody.garza@sgdigital.com
1410,leticia.fletcher@sgdigital.com
1412,keith.lucas@sgdigital.com
2835,estelle.santos@sgdigital.com
2840,jenna.medina@sgdigital.com
2963,edith.silva@sgdigital.com
2967,josefina.collier@sgdigital.com
3350,kelli.vaughn@sgdigital.com
2841,debra.patrick@sgdigital.com
2872,clifford.lynch@sgdigital.com
2971,dean.simpson@sgdigital.com
3604,frankie.dennis@sgdigital.com
1959,mandy.lawson@sgdigital.com
1961,sophia.reid@sgdigital.com
1970,ervin.baldwin@sgdigital.com
1972,edgar.caldwell@sgdigital.com
1996,dale.perkins@sgdigital.com
2001,gilbert.casey@sgdigital.com
2016,stanley.ross@sgdigital.com
2031,gustavo.baker@sgdigital.com
2043,juan.becker@sgdigital.com
2250,brenda.floyd@sgdigital.com
2286,homer.yates@sgdigital.com
1963,jessie.dawson@sgdigital.com
2356,brenda.mccarthy@sgdigital.com
2406,penny.mills@sgdigital.com
2414,ann.blair@sgdigital.com
2415,audrey.walker@sgdigital.com
2425,ralph.nichols@sgdigital.com
2426,guy.rios@sgdigital.com
2484,leona.goodwin@sgdigital.com
2510,felipe.simmons@sgdigital.com
2565,june.frank@sgdigital.com
2584,lonnie.gibbs@sgdigital.com
2585,alfredo.caldwell@sgdigital.com
2641,rene.grant@sgdigital.com
2661,natalie.butler@sgdigital.com
2663,karen.griffin@sgdigital.com
2665,carroll.yates@sgdigital.com
2727,leah.bates@sgdigital.com
2728,lynne.ray@sgdigital.com
2729,sonia.rodriguez@sgdigital.com
2730,christine.ramirez@sgdigital.com
2018,sophia.webster@sgdigital.com
2036,courtney.mcguire@sgdigital.com
2055,cary.hughes@sgdigital.com
2088,lee.hicks@sgdigital.com
2102,chad.garza@sgdigital.com
2106,robyn.walters@sgdigital.com
2354,darryl.james@sgdigital.com
2357,juanita.salazar@sgdigital.com
3405,ben.valdez@sgdigital.com
3425,allen.garrett@sgdigital.com
3548,bethany.tate@sgdigital.com
3576,maxine.morales@sgdigital.com
3598,maria.christensen@sgdigital.com
3707,antoinette.brock@sgdigital.com
3721,jodi.morris@sgdigital.com
2416,robin.arnold@sgdigital.com
2417,sidney.ball@sgdigital.com
2419,sabrina.jefferson@sgdigital.com
2427,mamie.hall@sgdigital.com
2440,alberto.wheeler@sgdigital.com
2498,estelle.lloyd@sgdigital.com
2512,kim.perry@sgdigital.com
3743,teresa.padilla@sgdigital.com
3801,lvera.raulston@sgdigital.com
2618,van.armstrong@sgdigital.com
2619,lee.carroll@sgdigital.com
2662,lola.wilkerson@sgdigital.com
2666,deanna.sparks@sgdigital.com
3562,toni.james@sgdigital.com
3569,ervin.holmes@sgdigital.com
3575,julie.rowe@sgdigital.com
3640,jerome.roberts@sgdigital.com
3663,angelina.jensen@sgdigital.com
3733,adam.wise@sgdigital.com
3742,cynthia.drake@sgdigital.com
3744,lfonzo.erickson@sgdigital.com
3751,freda.carroll@sgdigital.com
3760,kim.harris@sgdigital.com
1520,bernadette.schmidt@sgdigital.com
2312,marco.morgan@sgdigital.com
2248,kimberly.gomez@sgdigital.com
2526,aaron.guzman@sgdigital.com
2976,sharon.alvarez@sgdigital.com
2276,noah.newman@sgdigital.com
2294,nina.robertson@sgdigital.com
2441,marcella.drake@sgdigital.com
2599,lynette.wong@sgdigital.com
3137,hugo.brown@sgdigital.com
1359,joel.guzman@sgdigital.com
1403,joyce.holmes@sgdigital.com
1842,dawn.crawford@sgdigital.com
1541,andrea.wells@sgdigital.com
2760,pat.bush@sgdigital.com
2310,don.rodriquez@sgdigital.com
3545,kristen.hunt@sgdigital.com
1583,virginia.perry@sgdigital.com
2865,vincent.daniels@sgdigital.com
1600,lynn.freeman@sgdigital.com
1660,lowell.manning@sgdigital.com
1646,colleen.ferguson@sgdigital.com
1599,howard.wilkins@sgdigital.com
2815,sidney.sims@sgdigital.com
2969,bobby.mckinney@sgdigital.com
3756,keith.griffin@sgdigital.com
1727,ann.berry@sgdigital.com
2212,terence.fox@sgdigital.com
1858,lynn.greene@sgdigital.com
1558,linda.duncan@sgdigital.com
1685,jenny.hansen@sgdigital.com
1781,maggie.gardner@sgdigital.com
1812,francis.brewer@sgdigital.com
2343,marsha.rodriguez@sgdigital.com
2218,isabel.bailey@sgdigital.com
2536,hubert.osborne@sgdigital.com
2733,lana.harrison@sgdigital.com
1878,georgia.rivera@sgdigital.com
1665,virgil.frank@sgdigital.com
2789,gregg.hale@sgdigital.com
2825,kenneth.perez@sgdigital.com
1901,sheldon.williams@sgdigital.com
1902,lola.cortez@sgdigital.com
1907,johnny.wagner@sgdigital.com
1918,lee.barton@sgdigital.com
2326,kelly.lyons@sgdigital.com
2389,wendy.ford@sgdigital.com
2509,archie.garcia@sgdigital.com
2511,devin.medina@sgdigital.com
3768,grant.owen@sgdigital.com
3102,della.cox@sgdigital.com
1909,phil.harper@sgdigital.com
1603,luke.clayton@sgdigital.com
1932,merle.mack@sgdigital.com
1966,gilberto.nash@sgdigital.com
1990,rickey.reeves@sgdigital.com
2026,jodi.love@sgdigital.com
2032,stephanie.powell@sgdigital.com
2078,erick.mendez@sgdigital.com
2515,irvin.jennings@sgdigital.com
2516,flora.snyder@sgdigital.com
1984,tammy.perry@sgdigital.com
1986,wilbur.romero@sgdigital.com
2034,kevin.weaver@sgdigital.com
2059,luis.hubbard@sgdigital.com
2063,veronica.riley@sgdigital.com
2103,joan.pearson@sgdigital.com
2210,natalie.bowers@sgdigital.com
2514,brittany.morrison@sgdigital.com
2517,ruby.santos@sgdigital.com
2518,phil.hudson@sgdigital.com
1967,leigh.chapman@sgdigital.com
2075,madeline.mccoy@sgdigital.com
2180,shannon.montgomery@sgdigital.com
1974,james.fowler@sgdigital.com
2005,janie.bailey@sgdigital.com
2065,joe.rowe@sgdigital.com
2079,dexter.paul@sgdigital.com
2087,iris.holland@sgdigital.com
2100,franklin.griffin@sgdigital.com
2104,lynne.pierce@sgdigital.com
2156,amy.kelly@sgdigital.com
2158,matt.norman@sgdigital.com
2163,ramona.tate@sgdigital.com
2223,lola.fitzgerald@sgdigital.com
2254,lula.jordan@sgdigital.com
1976,harvey.ryan@sgdigital.com
2434,lawrence.porter@sgdigital.com
1987,natalie.schultz@sgdigital.com
2010,wayne.swanson@sgdigital.com
2042,claude.wallace@sgdigital.com
2046,kelly.lopez@sgdigital.com
2101,dana.francis@sgdigital.com
2161,albert.cohen@sgdigital.com
2174,floyd.perkins@sgdigital.com
2222,lora.goodman@sgdigital.com
2360,gretchen.reyes@sgdigital.com
3700,stanley.jenkins@sgdigital.com
3552,rick.freeman@sgdigital.com
3755,gilberto.fletcher@sgdigital.com
1980,ann.stokes@sgdigital.com
1985,gabriel.matthews@sgdigital.com
1988,debbie.ball@sgdigital.com
2081,ken.thornton@sgdigital.com
2185,shawn.graham@sgdigital.com
1979,manuel.ingram@sgdigital.com
2982,edgar.bell@sgdigital.com
1993,claire.owens@sgdigital.com
2105,edmund.henry@sgdigital.com
2115,tracey.kennedy@sgdigital.com
3415,pauline.rodgers@sgdigital.com
3688,amber.sanders@sgdigital.com
2624,nicolas.ray@sgdigital.com
2759,luther.long@sgdigital.com
1999,darnell.simon@sgdigital.com
2000,nathaniel.bowman@sgdigital.com
2056,ella.wong@sgdigital.com
2064,marvin.malone@sgdigital.com
2071,ernesto.castillo@sgdigital.com
2098,monique.scott@sgdigital.com
2333,vera.lowe@sgdigital.com
2814,archie.kelly@sgdigital.com
2011,doreen.fowler@sgdigital.com
2019,lindae.duncan@sgdigital.com
2074,sean.fernandez@sgdigital.com
2093,billie.colon@sgdigital.com
2253,irvin.fletcher@sgdigital.com
3416,herman.bryan@sgdigital.com
3555,nicole.bailey@sgdigital.com
2381,lydia.valdez@sgdigital.com
2383,alison.bowers@sgdigital.com
3747,lorena.evans@sgdigital.com
3775,enyetta.gaulin@sgdigital.com
2792,amber.warner@sgdigital.com
3711,kristine.daniel@sgdigital.com
3776,caroline.gregory@sgdigital.com
2004,shawna.vargas@sgdigital.com
2028,perry.morgan@sgdigital.com
2080,anna.cortezz@sgdigital.com
2111,gilbert.porter@sgdigital.com
2194,ernest.riley@sgdigital.com
1978,kelly.powers@sgdigital.com
2386,hazel.doyl@sgdigital.com
3007,donald.chandler@sgdigital.com
2014,mathew.garcia@sgdigital.com
2027,morris.woods@sgdigital.com
2039,jon.reed@sgdigital.com
2110,aaron.barker@sgdigital.com
2572,shirley.austin@sgdigital.com
2007,betty.craig@sgdigital.com
2020,elaine.burton@sgdigital.com
2021,jason.carr@sgdigital.com
2076,angel.ross@sgdigital.com
1997,ida.barber@sgdigital.com
2009,tami.brock@sgdigital.com
2012,hattie.strickland@sgdigital.com
1968,kim.reese@sgdigital.com
3033,christine.porter@sgdigital.com
3067,jessica.daniel@sgdigital.com
3100,lindsay.weaver@sgdigital.com
2186,kim.davis@sgdigital.com
3634,eva.barrett@sgdigital.com
3635,craig.morton@sgdigital.com
2015,maggie.schultz@sgdigital.com
1971,katherine.garrett@sgdigital.com
2513,brenda.douglas@sgdigital.com
2645,clinton.lynch@sgdigital.com
2647,barbara.christensen@sgdigital.com
2017,cathy.matthews@sgdigital.com
2066,preston.fields@sgdigital.com
2091,rachael.holt@sgdigital.com
2095,dwight.robbins@sgdigital.com
2108,eva.kelly@sgdigital.com
2112,jeff.lane@sgdigital.com
2578,kristin.rice@sgdigital.com
2090,frankie.quinn@sgdigital.com
2092,jeannie.cain@sgdigital.com
2094,krista.wade@sgdigital.com
3809,betsy.sullivan@sgdigital.com
2860,dora.collier@sgdigital.com
2082,fredrick.owens@sgdigital.com
2397,dominic.soto@sgdigital.com
2542,homer.hopkins@sgdigital.com
2545,brandi.harrington@sgdigital.com
2959,lamar.huff@sgdigital.com
2038,laurie.olson@sgdigital.com
2070,shelly.campbell@sgdigital.com
2200,charles.norton@sgdigital.com
2368,kristopher.sanchez@sgdigital.com
3611,traci.poole@sgdigital.com
2390,tommy.simpson@sgdigital.com
3787,victor.potter@sgdigital.com
3820,deanna.sanchez@sgdigital.com
2558,kay.gordon@sgdigital.com
2656,laurence.ryan@sgdigital.com
2725,cory.haynes@sgdigital.com
2783,charlotte.greene@sgdigital.com
2791,arnold.jordan@sgdigital.com
3138,terrance.martinez@sgdigital.com
3565,loren.watts@sgdigital.com
3589,marc.green@sgdigital.com
3614,daryl.sanchez@sgdigital.com
2109,lila.mckinney@sgdigital.com
1995,shirley.cunningham@sgdigital.com
2154,megan.reyes@sgdigital.com
2177,meghan.chavez@sgdigital.com
2488,hattie.brooks@sgdigital.com
2562,shane.cook@sgdigital.com
2570,melody.robbins@sgdigital.com
2587,amy.pope@sgdigital.com
2591,dewey.santos@sgdigital.com
2594,raul.griffith@sgdigital.com
2603,marjorie.hopkins@sgdigital.com
2621,ivan.malone@sgdigital.com
2625,gayle.nash@sgdigital.com
2633,shari.smith@sgdigital.com
2638,clint.ingram@sgdigital.com
3118,angie.moreno@sgdigital.com
3120,thomas.watson@sgdigital.com
2155,jackie.richardson@sgdigital.com
2586,gregory.guzman@sgdigital.com
2588,latoya.gibson@sgdigital.com
2589,alton.flowers@sgdigital.com
2590,cedric.singleton@sgdigital.com
2592,henrietta.holland@sgdigital.com
2593,joan.mclaughlin@sgdigital.com
2595,melanie.fisher@sgdigital.com
2596,stanley.nguyen@sgdigital.com
2622,guadalupe.hubbard@sgdigital.com
2627,kenneth.davis@sgdigital.com
2628,elbert.foster@sgdigital.com
2635,jo.russell@sgdigital.com
2708,lucy.sanchez@sgdigital.com
2719,todd.tate@sgdigital.com
2812,jerry.castillo@sgdigital.com
3117,norma.watkins@sgdigital.com
2190,camille.cortez@sgdigital.com
2189,jody.williams@sgdigital.com
1834,bernice.mckinney@sgdigital.com
2191,harvey.munoz@sgdigital.com
2242,pedro.dean@sgdigital.com
3116,donna.hampton@sgdigital.com
3135,ebony.williams@sgdigital.com
1962,robert.chambers@sgdigital.com
1983,jaime.price@sgdigital.com
1992,annie.lindsey@sgdigital.com
1994,josephine.salazar@sgdigital.com
2035,elijah.dawson@sgdigital.com
2083,janis.hodges@sgdigital.com
2435,anita.cross@sgdigital.com
2501,harold.francis@sgdigital.com
3597,naomi.sherman@sgdigital.com
2539,brittany.lambert@sgdigital.com
2540,ivan.colon@sgdigital.com
3725,betty.oliver@sgdigital.com
2668,toby.mccoy@sgdigital.com
2739,dexter.stewart@sgdigital.com
3353,robin.russell@sgdigital.com
2740,wm.rios@sgdigital.com
2741,wilbert.hart@sgdigital.com
3433,scott.torres@sgdigital.com
2831,sherry.graham@sgdigital.com
2833,irvin.bryant@sgdigital.com
2878,harry.lee@sgdigital.com
2879,edith.gross@sgdigital.com
2881,isabel.clarke@sgdigital.com
2886,jackie.sherman@sgdigital.com
2888,dustin.stewart@sgdigital.com
2890,thomas.scott@sgdigital.com
2832,alejandro.simpson@sgdigital.com
2876,marlon.horton@sgdigital.com
2882,patsy.reeves@sgdigital.com
2884,jason.simon@sgdigital.com
2885,rita.marsh@sgdigital.com
2889,virgil.jennings@sgdigital.com
2891,cecil.price@sgdigital.com
2892,dean.wood@sgdigital.com
2834,tami.miller@sgdigital.com
3045,sherri.ball@sgdigital.com
2975,simon.carroll@sgdigital.com
2896,warren.jimenez@sgdigital.com
2900,manuel.brock@sgdigital.com
2925,grady.page@sgdigital.com
2933,sherry.carson@sgdigital.com
3460,johnnie.tucker@sgdigital.com
2895,juan.kelly@sgdigital.com
2921,isabel.phillips@sgdigital.com
2929,hannah.hoffman@sgdigital.com
2901,hugo.neal@sgdigital.com
2903,wanda.mckenzie@sgdigital.com
2905,ervin.maxwell@sgdigital.com
2909,elizabeth.hunter@sgdigital.com
2913,sonja.mendez@sgdigital.com
2915,mildred.cain@sgdigital.com
2918,luis.gutierrez@sgdigital.com
2920,archie.owen@sgdigital.com
2931,loren.yates@sgdigital.com
2936,jessie.butler@sgdigital.com
2937,carl.hines@sgdigital.com
2938,wilbur.russell@sgdigital.com
2898,garry.lopez@sgdigital.com
2902,janis.poole@sgdigital.com
2904,willard.collier@sgdigital.com
2906,alexander.wallace@sgdigital.com
2908,ramona.wolfe@sgdigital.com
2910,agnes.steele@sgdigital.com
2911,don.poole@sgdigital.com
2912,emanuel.steven@sgdigital.com
2916,benjamin.murray@sgdigital.com
2917,neal.bowman@sgdigital.com
3351,lucy.wells@sgdigital.com
3442,earnest.riley@sgdigital.com
3719,roosevelt.oliver@sgdigital.com
2922,sophie.castro@sgdigital.com
2942,lonnie.perez@sgdigital.com
2926,eunice.thornton@sgdigital.com
2940,mark.daniels@sgdigital.com
2946,rene.wallace@sgdigital.com
2947,keith.holloway@sgdigital.com
2927,clifton.simon@sgdigital.com
2930,floyd.joseph@sgdigital.com
2935,georgia.hughes@sgdigital.com
2939,stacey.sparks@sgdigital.com
2941,janie.underwood@sgdigital.com
2944,ada.burton@sgdigital.com
3437,lola.owens@sgdigital.com
2928,salvador.horton@sgdigital.com
2897,lorenzo.douglas@sgdigital.com
2949,ebony.malone@sgdigital.com
2951,debra.byrd@sgdigital.com
2954,lorenzo.ortiz@sgdigital.com
2923,jacquelyn.hodges@sgdigital.com
2943,vickie.lawson@sgdigital.com
2950,pauline.tran@sgdigital.com
2953,colin.obrien@sgdigital.com
2955,gladys.burton@sgdigital.com
2980,lloyd.rios@sgdigital.com
3008,roman.morgan@sgdigital.com
3599,micheal.harrington@sgdigital.com
3011,amber.fletcher@sgdigital.com
3030,alejandro.caldwell@sgdigital.com
3464,jessie.summers@sgdigital.com
3013,emanuel.alvarado@sgdigital.com
3019,betty.mathis@sgdigital.com
3025,phillip.martin@sgdigital.com
3028,rosemary.jacobs@sgdigital.com
3031,bryant.lamb@sgdigital.com
3032,bryant.wilkins@sgdigital.com
3042,derek.cook@sgdigital.com
3044,jennifer.holmes@sgdigital.com
3046,betsy.hawkins@sgdigital.com
3050,felix.maxwell@sgdigital.com
3056,raquel.coleman@sgdigital.com
3057,angelo.phillips@sgdigital.com
3065,bernadette.alvarado@sgdigital.com
3068,tamara.hill@sgdigital.com
3079,amelia.webster@sgdigital.com
3081,wilson.may@sgdigital.com
3088,michael.ortiz@sgdigital.com
3095,derrick.roberts@sgdigital.com
3483,casey.barnett@sgdigital.com
3484,sonia.wise@sgdigital.com
3485,beulah.huff@sgdigital.com
3486,jordan.meyer@sgdigital.com
3492,shawna.kelly@sgdigital.com
3493,percy.austin@sgdigital.com
3012,tina.fleming@sgdigital.com
3020,luke.collins@sgdigital.com
3029,mandy.conner@sgdigital.com
3034,jared.houston@sgdigital.com
3036,claude.ramirez@sgdigital.com
3039,marcella.rogers@sgdigital.com
3041,adrian.wade@sgdigital.com
3043,roger.owens@sgdigital.com
3051,teresa.harmon@sgdigital.com
3054,sarah.jefferson@sgdigital.com
3064,johnnie.wagner@sgdigital.com
3071,jeanette.harris@sgdigital.com
3075,loretta.flowers@sgdigital.com
3087,elsa.diaz@sgdigital.com
3091,jay.pratt@sgdigital.com
3479,rosie.graves@sgdigital.com
3487,willis.aguilar@sgdigital.com
3488,frances.cain@sgdigital.com
3490,wilbert.willis@sgdigital.com
3491,kenneth.austin@sgdigital.com
3539,terri.garrett@sgdigital.com
3015,meghan.clayton@sgdigital.com
3016,shirley.buchanan@sgdigital.com
3022,angelina.gonzales@sgdigital.com
3026,meredith.jordan@sgdigital.com
3038,billie.evans@sgdigital.com
3047,ginger.marsh@sgdigital.com
3058,kyle.ford@sgdigital.com
3070,maryann.fowler@sgdigital.com
3072,leticia.mcguire@sgdigital.com
3077,sonya.snyder@sgdigital.com
3078,lee.wilkerson@sgdigital.com
3082,dexter.ramos@sgdigital.com
3083,tyrone.taylor@sgdigital.com
3085,neal.ingram@sgdigital.com
3090,rosemarie.singleton@sgdigital.com
3094,curtis.brooks@sgdigital.com
3099,jimmy.matthews@sgdigital.com
3482,brooke.moran@sgdigital.com
3494,theodore.gonzalez@sgdigital.com
3014,christopher.aguilar@sgdigital.com
3017,gail.parks@sgdigital.com
3023,pam.ryan@sgdigital.com
3024,melissa.love@sgdigital.com
3027,rose.harrison@sgdigital.com
3035,bert.summers@sgdigital.com
3048,robert.lowe@sgdigital.com
3049,rita.mccormick@sgdigital.com
3052,kate.johnson@sgdigital.com
3053,opal.hawkins@sgdigital.com
3055,allan.mack@sgdigital.com
3059,lorena.stevens@sgdigital.com
3062,mae.schwartz@sgdigital.com
3063,nora.brooks@sgdigital.com
3066,lucia.thomas@sgdigital.com
3080,janis.cain@sgdigital.com
3084,arturo.marshall@sgdigital.com
3086,arthur.freeman@sgdigital.com
3093,kayla.bryan@sgdigital.com
3096,winston.cooper@sgdigital.com
3097,shaun.hudson@sgdigital.com
3098,joanna.greene@sgdigital.com
3101,audrey.smith@sgdigital.com
3478,rachel.freeman@sgdigital.com
3480,dana.paul@sgdigital.com
3489,wilfred.dunn@sgdigital.com
3495,roland.thomas@sgdigital.com
3496,caroline.bowers@sgdigital.com
3497,saul.diaz@sgdigital.com
3111,faith.stevenson@sgdigital.com
3126,benny.mills@sgdigital.com
3754,aniele.bjornstad@sgdigital.com
3143,susie.kelly@sgdigital.com
3342,adrian.nunez@sgdigital.com
3386,julius.porter@sgdigital.com
3387,louis.taylor@sgdigital.com
3594,brad.lowe@sgdigital.com
3139,ashley.francis@sgdigital.com
3144,danielle.reese@sgdigital.com
3183,dustin.horton@sgdigital.com
3819,arcie.mallery@sgdigital.com
3145,elaine.norris@sgdigital.com
3146,wade.becker@sgdigital.com
3147,jeff.griffin@sgdigital.com
3210,marcus.quinn@sgdigital.com
3323,ramiro.nichols@sgdigital.com
3326,andy.erickson@sgdigital.com
3152,chelsea.rodriguez@sgdigital.com
3153,phil.wise@sgdigital.com
3199,tony.sherman@sgdigital.com
3339,warren.bell@sgdigital.com
3151,may.lawrence@sgdigital.com
3181,edna.rodriquez@sgdigital.com
3182,reginald.gilbert@sgdigital.com
3208,kim.oliver@sgdigital.com
3389,greg.carter@sgdigital.com
3171,brittany.robertson@sgdigital.com
3176,doris.hunt@sgdigital.com
3203,kristopher.parks@sgdigital.com
3328,earl.marsh@sgdigital.com
3388,felix.marshall@sgdigital.com
3154,justin.howell@sgdigital.com
3155,jacquelyn.smith@sgdigital.com
3157,angelo.harrington@sgdigital.com
3161,felipe.flowers@sgdigital.com
3162,marta.parks@sgdigital.com
3156,robyn.brock@sgdigital.com
3158,gregg.sanchez@sgdigital.com
3159,lora.kennedy@sgdigital.com
3165,natalie.wade@sgdigital.com
3168,raymond.lucas@sgdigital.com
3169,phyllis.cox@sgdigital.com
3173,pat.hamilton@sgdigital.com
3177,joel.flores@sgdigital.com
3178,veronica.norman@sgdigital.com
3180,robin.alvarado@sgdigital.com
3185,agnes.logan@sgdigital.com
3191,lucas.weaver@sgdigital.com
3193,rudy.newman@sgdigital.com
3194,orlando.sanders@sgdigital.com
3197,jerry.rivera@sgdigital.com
3200,jacob.vaughn@sgdigital.com
3202,rodney.guzman@sgdigital.com
3206,elvira.bowen@sgdigital.com
3395,emanuel.stevens@sgdigital.com
3553,jesus.ingram@sgdigital.com
3713,morris.abbott@sgdigital.com
3170,otis.gibbs@sgdigital.com
3174,jean.woods@sgdigital.com
3175,nadine.ramos@sgdigital.com
3188,cynthia.farmer@sgdigital.com
3189,pete.hodges@sgdigital.com
3192,meghan.roberson@sgdigital.com
3201,grady.mccarthy@sgdigital.com
3204,may.vega@sgdigital.com
3205,pete.carlson@sgdigital.com
3396,lana.moreno@sgdigital.com
3459,shirley.smith@sgdigital.com
3554,flora.rhodes@sgdigital.com
3690,peggy.klein@sgdigital.com
3712,shannon.douglas@sgdigital.com
3720,wendell.obrien@sgdigital.com
3735,francisco.andrews@sgdigital.com
3766,lois.gibbs@sgdigital.com
3777,regina.jefferson@sgdigital.com
3186,billie.thompson@sgdigital.com
3187,johnny.freeman@sgdigital.com
3190,dianna.huff@sgdigital.com
3198,camille.stewart@sgdigital.com
3220,victor.gutierrez@sgdigital.com
3235,jake.owens@sgdigital.com
3343,marlene.lynch@sgdigital.com
3397,kelvin.phelps@sgdigital.com
3399,rosemarie.mendoza@sgdigital.com
3443,leslie.powers@sgdigital.com
3172,elizabeth.mccoy@sgdigital.com
3184,devin.houston@sgdigital.com
3216,courtney.spencer@sgdigital.com
3217,omar.clark@sgdigital.com
3245,rosa.dawson@sgdigital.com
3373,flora.alvarez@sgdigital.com
3400,shelly.norris@sgdigital.com
3412,ella.barnes@sgdigital.com
3207,arthur.turner@sgdigital.com
3209,darnell.murphy@sgdigital.com
3376,cristina.klein@sgdigital.com
3150,toby.summers@sgdigital.com
3741,alisha.conlon@sgdigital.com
2013,darlene.andrews@sgdigital.com
2255,donald.bradley@sgdigital.com
2077,olivia.marsh@sgdigital.com
2113,joanna.baker@sgdigital.com
2114,scott.fleming@sgdigital.com
3212,gary.simpson@sgdigital.com
3219,hubert.estrada@sgdigital.com
3222,ralph.abbott@sgdigital.com
3223,nathaniel.greene@sgdigital.com
3232,veronica.osborne@sgdigital.com
3236,laverne.riley@sgdigital.com
3237,terry.wilson@sgdigital.com
3240,brent.barnes@sgdigital.com
3242,micheal.bradley@sgdigital.com
3243,laurence.newman@sgdigital.com
3246,joanna.scott@sgdigital.com
3250,virgil.swanson@sgdigital.com
3215,salvador.mccoy@sgdigital.com
3218,laurence.morton@sgdigital.com
3221,chris.davidson@sgdigital.com
3234,wilfred.hale@sgdigital.com
3238,wilma.waters@sgdigital.com
3241,simon.vargas@sgdigital.com
3244,laurie.wheeler@sgdigital.com
3251,jan.doyle@sgdigital.com
3252,vernon.simon@sgdigital.com
3214,dwayne.jensen@sgdigital.com
3224,timmy.richards@sgdigital.com
3225,lyle.pierce@sgdigital.com
3213,lindsey.floyd@sgdigital.com
3402,roxanne.massey@sgdigital.com
3255,moses.johnson@sgdigital.com
3256,christian.cox@sgdigital.com
3259,marty.kelley@sgdigital.com
3260,erik.lawrence@sgdigital.com
3262,julio.roberts@sgdigital.com
3263,rodney.sims@sgdigital.com
3266,ronnie.french@sgdigital.com
3267,guadalupe.haynes@sgdigital.com
3269,heidi.roy@sgdigital.com
3272,anna.cortez@sgdigital.com
3273,cedric.padilla@sgdigital.com
3276,marsha.cooper@sgdigital.com
3277,vickie.hammond@sgdigital.com
3612,susie.brown@sgdigital.com
3621,jack.pope@sgdigital.com
3253,sherman.rowe@sgdigital.com
3254,ann.mack@sgdigital.com
3257,leonard.bishop@sgdigital.com
3258,frederick.park@sgdigital.com
3261,joseph.grant@sgdigital.com
3264,tony.dean@sgdigital.com
3265,ricardo.love@sgdigital.com
3268,albert.white@sgdigital.com
3270,julia.sanchez@sgdigital.com
3271,hugh.zimmerman@sgdigital.com
3274,doreen.romero@sgdigital.com
3275,troy.dennis@sgdigital.com
3622,neil.park@sgdigital.com
3732,obert.botello@sgdigital.com
3329,sheila.sandoval@sgdigital.com
3710,julio.butler@sgdigital.com
2803,veronica.ramsey@sgdigital.com
3561,christina.gross@sgdigital.com
3701,sheldon.mathis@sgdigital.com
3428,jermaine.bowman@sgdigital.com
3462,ed.nichols@sgdigital.com
3524,vera.sparks@sgdigital.com
3571,luther.manning@sgdigital.com
3467,daryl.gill@sgdigital.com
3740,dana.griffith@sgdigital.com
3745,icolas.newkirk@sgdigital.com
3455,blake.harrington@sgdigital.com
3503,gwen.taylor@sgdigital.com
3512,stuart.henry@sgdigital.com
3519,hope.santos@sgdigital.com
3550,darnell.boone@sgdigital.com
3558,audrey.robertson@sgdigital.com
3568,marlene.holloway@sgdigital.com
3532,nora.padilla@sgdigital.com
3549,adrienne.ramsey@sgdigital.com
3566,ignacio.dawson@sgdigital.com
3517,marilyn.long@sgdigital.com
3248,luis.adkins@sgdigital.com
3581,brandi.valdez@sgdigital.com
3638,travis.fuller@sgdigital.com
3697,lula.paul@sgdigital.com
3698,benny.erickson@sgdigital.com
3578,emily.joseph@sgdigital.com
3579,blanca.moody@sgdigital.com
3580,ollie.rodriguez@sgdigital.com
3582,casey.osborne@sgdigital.com
3583,woodrow.joseph@sgdigital.com
3691,dan.matthews@sgdigital.com
3692,ervin.clark@sgdigital.com
3693,lila.bennett@sgdigital.com
3696,sabrina.mclaughlin@sgdigital.com
3699,brett.haynes@sgdigital.com
3616,theodore.wheeler@sgdigital.com
3601,pedro.massey@sgdigital.com
3602,shawn.hawkins@sgdigital.com
3603,blanche.barker@sgdigital.com
3605,elbert.mcguire@sgdigital.com
3739,arvey.yaeger@sgdigital.com
3642,jacqueline.henry@sgdigital.com
3643,guy.parsons@sgdigital.com
3644,kirk.bowen@sgdigital.com
3645,sara.bowman@sgdigital.com
3646,courtney.ward@sgdigital.com
3648,jamie.adams@sgdigital.com
3650,sadie.harmon@sgdigital.com
3651,jody.adams@sgdigital.com
3654,denise.west@sgdigital.com
3724,meghan.rodgers@sgdigital.com
3647,janis.norton@sgdigital.com
3649,jacob.steele@sgdigital.com
3655,marianne.mcgee@sgdigital.com
3656,willie.richardson@sgdigital.com
3706,myrtle.taylor@sgdigital.com
3669,javier.brooks@sgdigital.com
3670,kellie.stanley@sgdigital.com
3673,brad.pearson@sgdigital.com
3678,gregg.horton@sgdigital.com
3499,shane.jimenez@sgdigital.com
3667,lynne.adkins@sgdigital.com
3668,jeanne.reyes@sgdigital.com
3671,ted.fisher@sgdigital.com
3674,joan.moreno@sgdigital.com
3675,jessie.ramirez@sgdigital.com
3676,brooke.lindsey@sgdigital.com
3677,may.duncan@sgdigital.com
3681,beatrice.warner@sgdigital.com
3683,lorene.aguilar@sgdigital.com
2571,nancy.lane@sgdigital.com
2810,mandy.patterson@sgdigital.com
2907,roberto.bass@sgdigital.com
2924,amy.wolfe@sgdigital.com
3422,nicole.benson@sgdigital.com
3800,icente.strawder@sgdigital.com
3623,israel.schwartz@sgdigital.com
3796,trevor.blake@sgdigital.com
3808,myrtle.rodgers@sgdigital.com
